QuestionID,TextoPergunta,RotuloPT_auto
Q001,De qual região do Brasil é seu escritório?,SudesteSul
Q001,De qual região do Brasil é seu escritório?,SulSudeste
Q001,De qual região do Brasil é seu escritório?,Opção 6
Q001,De qual região do Brasil é seu escritório?,NordesteSudeste
Q001,De qual região do Brasil é seu escritório?,SudesteNordeste
Q001,De qual região do Brasil é seu escritório?,SulNordeste
Q001,De qual região do Brasil é seu escritório?,NordesteNorte
Q001,De qual região do Brasil é seu escritório?,SulNorte
Q001,De qual região do Brasil é seu escritório?,Centro OesteSudeste
Q001,De qual região do Brasil é seu escritório?,NorteSudeste
Q004,Quais classes de ativos seus clientes estão mais interessados?,Ouro
Q004,Quais classes de ativos seus clientes estão mais interessados?,Fundo de ações
Q004,Quais classes de ativos seus clientes estão mais interessados?,Previdência
Q004,Quais classes de ativos seus clientes estão mais interessados?,Renda Fixa
Q004,Quais classes de ativos seus clientes estão mais interessados?,Opções
Q004,Quais classes de ativos seus clientes estão mais interessados?,Alternativos
Q004,Quais classes de ativos seus clientes estão mais interessados?,crédito privado
Q004,Quais classes de ativos seus clientes estão mais interessados?,Renda +
Q004,Quais classes de ativos seus clientes estão mais interessados?,DERIVATIVOS AGRICOLAS
Q004,Quais classes de ativos seus clientes estão mais interessados?,Fundos Alternativos
Q004,Quais classes de ativos seus clientes estão mais interessados?,Operações estruturadas
Q004,Quais classes de ativos seus clientes estão mais interessados?,Estruturadas
Q004,Quais classes de ativos seus clientes estão mais interessados?,PRODUTOS ESTRUTURADOS
Q004,Quais classes de ativos seus clientes estão mais interessados?,Cetipados
Q004,Quais classes de ativos seus clientes estão mais interessados?,Derivativos
Q004,Quais classes de ativos seus clientes estão mais interessados?,ETF
Q004,Quais classes de ativos seus clientes estão mais interessados?,Compromissadas
Q004,Quais classes de ativos seus clientes estão mais interessados?,Carteiras automatizadas
Q004,Quais classes de ativos seus clientes estão mais interessados?,previdência privada
Q004,Quais classes de ativos seus clientes estão mais interessados?,venda coberta
Q004,Quais classes de ativos seus clientes estão mais interessados?,"CDB, LCI, LCA"
Q004,Quais classes de ativos seus clientes estão mais interessados?,Opcoes
Q004,Quais classes de ativos seus clientes estão mais interessados?,Fundos Cetipados
Q004,Quais classes de ativos seus clientes estão mais interessados?,Estruturados
Q004,Quais classes de ativos seus clientes estão mais interessados?,ETF RF
Q004,Quais classes de ativos seus clientes estão mais interessados?,COE
Q004,Quais classes de ativos seus clientes estão mais interessados?,Fundos de Inflação / Pré
Q004,Quais classes de ativos seus clientes estão mais interessados?,imoveis
Q004,Quais classes de ativos seus clientes estão mais interessados?,AÇÕES direto
Q004,Quais classes de ativos seus clientes estão mais interessados?,"Operações Estruturadas, Trade Ideas, Câmbio"
Q004,Quais classes de ativos seus clientes estão mais interessados?,COE Bond Repack Pré
Q004,Quais classes de ativos seus clientes estão mais interessados?,Fundos ESG e investimento com propósito
Q004,Quais classes de ativos seus clientes estão mais interessados?,Câmbio
Q004,Quais classes de ativos seus clientes estão mais interessados?,cdb
Q004,Quais classes de ativos seus clientes estão mais interessados?,Produtos de crédito
Q004,Quais classes de ativos seus clientes estão mais interessados?,Derivativos operações estruturadas
Q004,Quais classes de ativos seus clientes estão mais interessados?,Pirâmides
Q004,Quais classes de ativos seus clientes estão mais interessados?,"CDB, LCI, LCA CRI, CRA"
Q004,Quais classes de ativos seus clientes estão mais interessados?,Titulos de RF
Q004,Quais classes de ativos seus clientes estão mais interessados?,treasuries
Q004,Quais classes de ativos seus clientes estão mais interessados?,Opções lançamento coberto e pozinho. Operação estruturada não gostam.
Q004,Quais classes de ativos seus clientes estão mais interessados?,LCI e LCA
Q004,Quais classes de ativos seus clientes estão mais interessados?,"Crédito Privado , LCA CDB"
Q004,Quais classes de ativos seus clientes estão mais interessados?,Emissões bancárias e privadas
Q004,Quais classes de ativos seus clientes estão mais interessados?,Títulos de renda fixa
Q004,Quais classes de ativos seus clientes estão mais interessados?,Carteira recomendada
Q004,Quais classes de ativos seus clientes estão mais interessados?,"Lci/Lca, Cri/Cra"
Q004,Quais classes de ativos seus clientes estão mais interessados?,Conta internacional
Q004,Quais classes de ativos seus clientes estão mais interessados?,Conta internacional e Coe RF Pre
Q004,Quais classes de ativos seus clientes estão mais interessados?,venda de opções
Q004,Quais classes de ativos seus clientes estão mais interessados?,Renda fixa internacional
Q004,Quais classes de ativos seus clientes estão mais interessados?,RF
Q004,Quais classes de ativos seus clientes estão mais interessados?,Renda Fixa Pré
Q004,Quais classes de ativos seus clientes estão mais interessados?,renda fixa bancarios - \fgc
Q004,Quais classes de ativos seus clientes estão mais interessados?,Precatorio
Q004,Quais classes de ativos seus clientes estão mais interessados?,carteiras de ações e operações estruturadas
Q004,Quais classes de ativos seus clientes estão mais interessados?,COE alavancado em bolsa americana
Q004,Quais classes de ativos seus clientes estão mais interessados?,Fundo Cetipado
Q004,Quais classes de ativos seus clientes estão mais interessados?,Papeis de RF isentos
Q004,Quais classes de ativos seus clientes estão mais interessados?,"Ofertas Públicas (CRI, CRA)"
Q004,Quais classes de ativos seus clientes estão mais interessados?,estratégias de renda recorrente com opções
Q004,Quais classes de ativos seus clientes estão mais interessados?,cambio
Q004,Quais classes de ativos seus clientes estão mais interessados?,Debentures incentivadas
Q004,Quais classes de ativos seus clientes estão mais interessados?,FI-Infra e FIP-IE
Q004,Quais classes de ativos seus clientes estão mais interessados?,Ativos Ipca
Q004,Quais classes de ativos seus clientes estão mais interessados?,LCA e LCI
Q004,Quais classes de ativos seus clientes estão mais interessados?,Carteira Automatizada
Q004,Quais classes de ativos seus clientes estão mais interessados?,Fidc fiagro
Q004,Quais classes de ativos seus clientes estão mais interessados?,Private equity
Q004,Quais classes de ativos seus clientes estão mais interessados?,Operações estruturadas em ações com proteção 100% ex: POP
Q004,Quais classes de ativos seus clientes estão mais interessados?,Credito Privado
Q004,Quais classes de ativos seus clientes estão mais interessados?,automatizada
Q004,Quais classes de ativos seus clientes estão mais interessados?,Credito nprivado
Q004,Quais classes de ativos seus clientes estão mais interessados?,Fixed Income
Q004,Quais classes de ativos seus clientes estão mais interessados?,Conta nos EUA
Q004,Quais classes de ativos seus clientes estão mais interessados?,Fundos Listados
Q004,Quais classes de ativos seus clientes estão mais interessados?,RENDA FIXA BANCÁRIA COM FGC
Q004,Quais classes de ativos seus clientes estão mais interessados?,Muito variado.
Q004,Quais classes de ativos seus clientes estão mais interessados?,Bond Repack
Q004,Quais classes de ativos seus clientes estão mais interessados?,isentos
Q004,Quais classes de ativos seus clientes estão mais interessados?,Ativos indexados ao CDI
Q004,Quais classes de ativos seus clientes estão mais interessados?,Bonds repacks
Q004,Quais classes de ativos seus clientes estão mais interessados?,CRA CRI DEB E BOND
Q004,Quais classes de ativos seus clientes estão mais interessados?,Emissões Bancárias
Q004,Quais classes de ativos seus clientes estão mais interessados?,Crédito Privado isento de IR
Q004,Quais classes de ativos seus clientes estão mais interessados?,"RF CP Estruturados, FIDCs"
Q004,Quais classes de ativos seus clientes estão mais interessados?,previdencia
Q004,Quais classes de ativos seus clientes estão mais interessados?,"FIAGRO, FUNDOS DE INFRA."
Q004,Quais classes de ativos seus clientes estão mais interessados?,Ativos de renda fixa e não fundos
Q004,Quais classes de ativos seus clientes estão mais interessados?,Renda Fixa.
Q004,Quais classes de ativos seus clientes estão mais interessados?,FI-Infra
Q004,Quais classes de ativos seus clientes estão mais interessados?,RENDA FIXA CDB/CRA/CRI/DEB
Q004,Quais classes de ativos seus clientes estão mais interessados?,carteiras de ações
Q004,Quais classes de ativos seus clientes estão mais interessados?,BOLSA AMERICANA E DOLAR
Q004,Quais classes de ativos seus clientes estão mais interessados?,Precatórios
Q004,Quais classes de ativos seus clientes estão mais interessados?,Portfólio Renda+
Q004,Quais classes de ativos seus clientes estão mais interessados?,"metais como iridio, rodio niobio"
Q004,Quais classes de ativos seus clientes estão mais interessados?,"Renda Fixa Bancária, Pública e Privada"
Q004,Quais classes de ativos seus clientes estão mais interessados?,Ações Internacionais
Q004,Quais classes de ativos seus clientes estão mais interessados?,Estruturada como proteção
Q004,Quais classes de ativos seus clientes estão mais interessados?,Imóvel
Q004,Quais classes de ativos seus clientes estão mais interessados?,termo
Q004,Quais classes de ativos seus clientes estão mais interessados?,Fundos de RF de infra e fundo de FIDC.
Q004,Quais classes de ativos seus clientes estão mais interessados?,Renda Fixa - Isento IR E IOF
Q004,Quais classes de ativos seus clientes estão mais interessados?,Ativos isentos
Q004,Quais classes de ativos seus clientes estão mais interessados?,Derivativos / NDF
Q004,Quais classes de ativos seus clientes estão mais interessados?,Renda Fixa Pós e IPCA+
Q004,Quais classes de ativos seus clientes estão mais interessados?,Ativos Bancários - RF
Q004,Quais classes de ativos seus clientes estão mais interessados?,Mercado de Opções
Q004,Quais classes de ativos seus clientes estão mais interessados?,"Investimentos ""isentos"""
Q004,Quais classes de ativos seus clientes estão mais interessados?,renda fixa de juros mensal
Q004,Quais classes de ativos seus clientes estão mais interessados?,Algoritmos / Robôs
Q004,Quais classes de ativos seus clientes estão mais interessados?,papeis de RF
Q004,Quais classes de ativos seus clientes estão mais interessados?,RF Brasil
Q004,Quais classes de ativos seus clientes estão mais interessados?,operação com IA
Q004,Quais classes de ativos seus clientes estão mais interessados?,robo
Q004,Quais classes de ativos seus clientes estão mais interessados?,Ntnb
Q004,Quais classes de ativos seus clientes estão mais interessados?,Ter custódia de bitcoin dentro da XP
Q004,Quais classes de ativos seus clientes estão mais interessados?,robo trader
Q004,Quais classes de ativos seus clientes estão mais interessados?,Renda+
Q004,Quais classes de ativos seus clientes estão mais interessados?,DOLAR
Q004,Quais classes de ativos seus clientes estão mais interessados?,BDRs
Q004,Quais classes de ativos seus clientes estão mais interessados?,Portfólios renda
Q004,Quais classes de ativos seus clientes estão mais interessados?,ETFs Brasil
Q004,Quais classes de ativos seus clientes estão mais interessados?,em uma carteira estruturada que os prepare para qq cenario
Q004,Quais classes de ativos seus clientes estão mais interessados?,ETF com renda mensal
Q004,Quais classes de ativos seus clientes estão mais interessados?,Fundos Incentivados
Q004,Quais classes de ativos seus clientes estão mais interessados?,Cetipados Pré e IPCA+
Q004,Quais classes de ativos seus clientes estão mais interessados?,Renda fixa até 1 ano
Q004,Quais classes de ativos seus clientes estão mais interessados?,Previdência Privada.
Q004,Quais classes de ativos seus clientes estão mais interessados?,"Criptoativos puros, sem ser por fundos ou COE"
Q004,Quais classes de ativos seus clientes estão mais interessados?,ETFs
Q004,Quais classes de ativos seus clientes estão mais interessados?,short strangle
Q004,Quais classes de ativos seus clientes estão mais interessados?,Bitcoin (não cripto)
Q004,Quais classes de ativos seus clientes estão mais interessados?,prata
Q004,Quais classes de ativos seus clientes estão mais interessados?,PR+
Q004,Quais classes de ativos seus clientes estão mais interessados?,Fundos Renda +
Q004,Quais classes de ativos seus clientes estão mais interessados?,Emissões Bancarias
Q006,"Em investimentos internacionais, seus clientes se interessam por:",Bonds e crédito
Q006,"Em investimentos internacionais, seus clientes se interessam por:",Treasury
Q006,"Em investimentos internacionais, seus clientes se interessam por:",REITs
Q006,"Em investimentos internacionais, seus clientes se interessam por:",Treasuries
Q006,"Em investimentos internacionais, seus clientes se interessam por:",BDRs
Q006,"Em investimentos internacionais, seus clientes se interessam por:",Renda fixa
Q006,"Em investimentos internacionais, seus clientes se interessam por:",ouro
Q006,"Em investimentos internacionais, seus clientes se interessam por:",Treasurys
Q006,"Em investimentos internacionais, seus clientes se interessam por:",REIT
Q006,"Em investimentos internacionais, seus clientes se interessam por:",Tresuries
Q006,"Em investimentos internacionais, seus clientes se interessam por:",derivativos agricolas
Q006,"Em investimentos internacionais, seus clientes se interessam por:",criptomoedas
Q006,"Em investimentos internacionais, seus clientes se interessam por:",Treasures
Q006,"Em investimentos internacionais, seus clientes se interessam por:",ucits
Q006,"Em investimentos internacionais, seus clientes se interessam por:",Derivativos
Q006,"Em investimentos internacionais, seus clientes se interessam por:",coe
Q006,"Em investimentos internacionais, seus clientes se interessam por:",cripto
Q006,"Em investimentos internacionais, seus clientes se interessam por:",Treasure
Q006,"Em investimentos internacionais, seus clientes se interessam por:",Tesouro
Q006,"Em investimentos internacionais, seus clientes se interessam por:",CD
Q006,"Em investimentos internacionais, seus clientes se interessam por:",BDR
Q006,"Em investimentos internacionais, seus clientes se interessam por:",CDs
Q006,"Em investimentos internacionais, seus clientes se interessam por:",POR ENQUANTO NENHUM PRONUNCIOU
Q006,"Em investimentos internacionais, seus clientes se interessam por:",credito dolarizado
Q006,"Em investimentos internacionais, seus clientes se interessam por:",COE Bond Repack Pré
Q006,"Em investimentos internacionais, seus clientes se interessam por:",ADRs e Reits
Q006,"Em investimentos internacionais, seus clientes se interessam por:",ainda não tenho cliente nesta modalidade
Q006,"Em investimentos internacionais, seus clientes se interessam por:",Imoveis
Q006,"Em investimentos internacionais, seus clientes se interessam por:",Falta de conhecimento
Q006,"Em investimentos internacionais, seus clientes se interessam por:",iniciando a carteira agora
Q006,"Em investimentos internacionais, seus clientes se interessam por:",conta global
Q006,"Em investimentos internacionais, seus clientes se interessam por:",Segurança títulos americanos
Q006,"Em investimentos internacionais, seus clientes se interessam por:",Nenhuma
Q006,"Em investimentos internacionais, seus clientes se interessam por:",T-bills
Q006,"Em investimentos internacionais, seus clientes se interessam por:",não tenho informação
Q006,"Em investimentos internacionais, seus clientes se interessam por:",sem aplicações internacionais
Q006,"Em investimentos internacionais, seus clientes se interessam por:",COEs
Q006,"Em investimentos internacionais, seus clientes se interessam por:",cartao internacional em várias moedas
Q006,"Em investimentos internacionais, seus clientes se interessam por:",Notas Estruturadas
Q006,"Em investimentos internacionais, seus clientes se interessam por:",ETFs irlandeses
Q006,"Em investimentos internacionais, seus clientes se interessam por:",Títulos públicos Americanos
Q006,"Em investimentos internacionais, seus clientes se interessam por:",Não operAm
Q006,"Em investimentos internacionais, seus clientes se interessam por:",T-Notes
Q006,"Em investimentos internacionais, seus clientes se interessam por:",Bond Repack
Q006,"Em investimentos internacionais, seus clientes se interessam por:",Alguns planejando
Q006,"Em investimentos internacionais, seus clientes se interessam por:",Opções
Q006,"Em investimentos internacionais, seus clientes se interessam por:",Estruturados
Q006,"Em investimentos internacionais, seus clientes se interessam por:",Trend Bolsa Americana
Q006,"Em investimentos internacionais, seus clientes se interessam por:",Treasorys
Q006,"Em investimentos internacionais, seus clientes se interessam por:",tesouro americano
Q006,"Em investimentos internacionais, seus clientes se interessam por:",Imóveis
Q006,"Em investimentos internacionais, seus clientes se interessam por:",TNOTES
Q006,"Em investimentos internacionais, seus clientes se interessam por:",Renda fixa americana
Q006,"Em investimentos internacionais, seus clientes se interessam por:",COE Bolsa Americana
Q006,"Em investimentos internacionais, seus clientes se interessam por:",criptoativos em corretoras externas
Q006,"Em investimentos internacionais, seus clientes se interessam por:",ETFs que replicam e COE da Bolsa Americana
Q006,"Em investimentos internacionais, seus clientes se interessam por:","Não sabem ao certo o que querem, só querem sair de Brasil."
Q006,"Em investimentos internacionais, seus clientes se interessam por:",ainda não investem
Q006,"Em investimentos internacionais, seus clientes se interessam por:",certificados de ouro
Q006,"Em investimentos internacionais, seus clientes se interessam por:",Segurança em tesouro
Q006,"Em investimentos internacionais, seus clientes se interessam por:",Bitcoin (criptomoedas)
Q006,"Em investimentos internacionais, seus clientes se interessam por:",fundos
Q006,"Em investimentos internacionais, seus clientes se interessam por:",não possuem
Q006,"Em investimentos internacionais, seus clientes se interessam por:",Dolar
Q006,"Em investimentos internacionais, seus clientes se interessam por:",nao imteressa
Q006,"Em investimentos internacionais, seus clientes se interessam por:",real estate
Q006,"Em investimentos internacionais, seus clientes se interessam por:",nenhum
Q006,"Em investimentos internacionais, seus clientes se interessam por:",Sem Cliente no Internacional
Q008,Qual você acha que deve ser o maior risco para a Bolsa brasileira nos próximos meses,Eleições
Q008,Qual você acha que deve ser o maior risco para a Bolsa brasileira nos próximos meses,Lula
Q008,Qual você acha que deve ser o maior risco para a Bolsa brasileira nos próximos meses,Todas acima
Q008,Qual você acha que deve ser o maior risco para a Bolsa brasileira nos próximos meses,Eleições americanas
Q008,Qual você acha que deve ser o maior risco para a Bolsa brasileira nos próximos meses,PT
Q008,Qual você acha que deve ser o maior risco para a Bolsa brasileira nos próximos meses,Guerras
Q008,Qual você acha que deve ser o maior risco para a Bolsa brasileira nos próximos meses,Eleições Brasil
Q008,Qual você acha que deve ser o maior risco para a Bolsa brasileira nos próximos meses,riscos fiscais e instabilidade política
Q008,Qual você acha que deve ser o maior risco para a Bolsa brasileira nos próximos meses,Inflação Global
Q008,Qual você acha que deve ser o maior risco para a Bolsa brasileira nos próximos meses,POLITICA ESQUERDISTA
Q008,Qual você acha que deve ser o maior risco para a Bolsa brasileira nos próximos meses,"Direcionamento da política, indo contra o básico das teorias  econômicas, amento de gastos, influencia nas estatais, perda de controle fiscal, China mais fracaatais,"
Q008,Qual você acha que deve ser o maior risco para a Bolsa brasileira nos próximos meses,Varios riscos acima e não so um
Q008,Qual você acha que deve ser o maior risco para a Bolsa brasileira nos próximos meses,"Uma combinação de deflação na China, aumento das taxas de juros nas curvas de 10y e 30y, instabilidade econômica na Europa, instabilidade politica e não conclusão das reformas econômicas/fiscais no Brasil."
Q008,Qual você acha que deve ser o maior risco para a Bolsa brasileira nos próximos meses,Contas Publicas
Q008,Qual você acha que deve ser o maior risco para a Bolsa brasileira nos próximos meses,Todos os riscos alistados
Q008,Qual você acha que deve ser o maior risco para a Bolsa brasileira nos próximos meses,Juros alto EUA e governo atual com gastos e tributações no Brasil.
Q008,Qual você acha que deve ser o maior risco para a Bolsa brasileira nos próximos meses,Um bom mix de fatores internacionais e nacionais
Q008,Qual você acha que deve ser o maior risco para a Bolsa brasileira nos próximos meses,Juro futuro alto nos EUA
Q008,Qual você acha que deve ser o maior risco para a Bolsa brasileira nos próximos meses,Elevação das taxas de juros nos EUA
Q008,Qual você acha que deve ser o maior risco para a Bolsa brasileira nos próximos meses,Juros mais altos nos EUA
Q008,Qual você acha que deve ser o maior risco para a Bolsa brasileira nos próximos meses,Lula.
Q008,Qual você acha que deve ser o maior risco para a Bolsa brasileira nos próximos meses,Todas as anteriores
Q008,Qual você acha que deve ser o maior risco para a Bolsa brasileira nos próximos meses,Nossa bolsa sempre foi especulativa.
Q008,Qual você acha que deve ser o maior risco para a Bolsa brasileira nos próximos meses,Juros altos nos Estados Unidos
Q008,Qual você acha que deve ser o maior risco para a Bolsa brasileira nos próximos meses,Lula e sua quadrilha!
Q008,Qual você acha que deve ser o maior risco para a Bolsa brasileira nos próximos meses,"Tudo que o atual governo faz. Que muito ruim, poderia falar de reforma adm e não de aumento de tributos....enfim."
Q008,Qual você acha que deve ser o maior risco para a Bolsa brasileira nos próximos meses,Risco fiscal somado ao juros mais altos no Brasil e Instabilidade política
Q008,Qual você acha que deve ser o maior risco para a Bolsa brasileira nos próximos meses,Política monetária em desenvolvidos E fiscal e juros br
Q008,Qual você acha que deve ser o maior risco para a Bolsa brasileira nos próximos meses,"Governo, pro baixa capacidade técnica e má gestão"
Q008,Qual você acha que deve ser o maior risco para a Bolsa brasileira nos próximos meses,Juros ainda altos nos EUA
Q008,Qual você acha que deve ser o maior risco para a Bolsa brasileira nos próximos meses,lucros decepcionantes
Q008,Qual você acha que deve ser o maior risco para a Bolsa brasileira nos próximos meses,A CORRPUÇÃO DESSE GOVERNO LIXO !
Q008,Qual você acha que deve ser o maior risco para a Bolsa brasileira nos próximos meses,Movimentos de outros Bancos Centrais para ano fiscal 2024
Q008,Qual você acha que deve ser o maior risco para a Bolsa brasileira nos próximos meses,Insegurança jurídica e corrupção crescente no governo PT.
Q008,Qual você acha que deve ser o maior risco para a Bolsa brasileira nos próximos meses,Tese do softlanding não perdurar
Q008,Qual você acha que deve ser o maior risco para a Bolsa brasileira nos próximos meses,Intervenção militar
Q008,Qual você acha que deve ser o maior risco para a Bolsa brasileira nos próximos meses,riscos fiscais Brasil somados a geopolítica
Q008,Qual você acha que deve ser o maior risco para a Bolsa brasileira nos próximos meses,"Riscos fiscais, interferência em estatais, inflação maquiada (combustivel com defasagem de 20% - petrobrás não está repassando a realidade), juros nos EUA"
Q008,Qual você acha que deve ser o maior risco para a Bolsa brasileira nos próximos meses,"alem de risco fiscal,risco geopolitico,interferencia de empresas estatais e ainda a guerra ."
Q008,Qual você acha que deve ser o maior risco para a Bolsa brasileira nos próximos meses,Demora na queda dos juros americanos
Q008,Qual você acha que deve ser o maior risco para a Bolsa brasileira nos próximos meses,GOVERNO DESASTROSO
Q008,Qual você acha que deve ser o maior risco para a Bolsa brasileira nos próximos meses,Risco Fiscal
Q008,Qual você acha que deve ser o maior risco para a Bolsa brasileira nos próximos meses,Absurdos do governos federal
Q008,Qual você acha que deve ser o maior risco para a Bolsa brasileira nos próximos meses,Vieses politicos de alguns membros do Copom podem impactar negativamente o trabalho na condução da politica monetária. Soma-se a isso o descaso com o fiscal pelo Governo. No cenário exterior a politica monetária mais dura deve ser o maior peso.
Q008,Qual você acha que deve ser o maior risco para a Bolsa brasileira nos próximos meses,RISCO EUA
Q008,Qual você acha que deve ser o maior risco para a Bolsa brasileira nos próximos meses,Juros Americanos
Q008,Qual você acha que deve ser o maior risco para a Bolsa brasileira nos próximos meses,nenhum
Q008,Qual você acha que deve ser o maior risco para a Bolsa brasileira nos próximos meses,Perda de confiança nesse governo
Q008,Qual você acha que deve ser o maior risco para a Bolsa brasileira nos próximos meses,Guerra
Q008,Qual você acha que deve ser o maior risco para a Bolsa brasileira nos próximos meses,Política monetária e fiscal
Q008,Qual você acha que deve ser o maior risco para a Bolsa brasileira nos próximos meses,"pelo menos 3 cenários acima, teria que ter mais opções simultaneas."
Q008,Qual você acha que deve ser o maior risco para a Bolsa brasileira nos próximos meses,"Acredito que um misto de fiscal, inflação e atividade econômica."
Q008,Qual você acha que deve ser o maior risco para a Bolsa brasileira nos próximos meses,Presidente Lula
Q008,Qual você acha que deve ser o maior risco para a Bolsa brasileira nos próximos meses,"Riscos ficais no Brasil, Inflação em alta no Brasil e Juros mais altos no Brasil"
Q008,Qual você acha que deve ser o maior risco para a Bolsa brasileira nos próximos meses,todas as anteriores. Será marcada por alta volatilidade e com prêmio de risco baixo.
Q008,Qual você acha que deve ser o maior risco para a Bolsa brasileira nos próximos meses,"Risco Fiscal, Juros mais altos e Inflação"
Q008,Qual você acha que deve ser o maior risco para a Bolsa brasileira nos próximos meses,Atravidade devido aos juros altos. Para alocar em bolsa tem que ter um prêmio e hoje o prêmio é baixo.
Q008,Qual você acha que deve ser o maior risco para a Bolsa brasileira nos próximos meses,risco politico
Q008,Qual você acha que deve ser o maior risco para a Bolsa brasileira nos próximos meses,Juros altos e instabilidade econômica e fiscal
Q008,Qual você acha que deve ser o maior risco para a Bolsa brasileira nos próximos meses,Atual Presidente
Q008,Qual você acha que deve ser o maior risco para a Bolsa brasileira nos próximos meses,Os traders.
Q008,Qual você acha que deve ser o maior risco para a Bolsa brasileira nos próximos meses,Trump
Q008,Qual você acha que deve ser o maior risco para a Bolsa brasileira nos próximos meses,Reeleição do atual presidente
Q008,Qual você acha que deve ser o maior risco para a Bolsa brasileira nos próximos meses,Dependência de fluxo estrangeiro.
Q008,Qual você acha que deve ser o maior risco para a Bolsa brasileira nos próximos meses,Juros Americano não cair
Q008,Qual você acha que deve ser o maior risco para a Bolsa brasileira nos próximos meses,Releição do lula
Q008,Qual você acha que deve ser o maior risco para a Bolsa brasileira nos próximos meses,reeleição do governo atual
Q008,Qual você acha que deve ser o maior risco para a Bolsa brasileira nos próximos meses,Volatilidade diante de um ano eleitoral para presidente da república
Q008,Qual você acha que deve ser o maior risco para a Bolsa brasileira nos próximos meses,Caso Master - Muitos figurões envolvidos
Q008,Qual você acha que deve ser o maior risco para a Bolsa brasileira nos próximos meses,Eleição
Q008,Qual você acha que deve ser o maior risco para a Bolsa brasileira nos próximos meses,Inflação alta nos EUA
Q008,Qual você acha que deve ser o maior risco para a Bolsa brasileira nos próximos meses,Eleições presidenciais 2026
Q008,Qual você acha que deve ser o maior risco para a Bolsa brasileira nos próximos meses,Fuga de capital estrangeiro
Q008,Qual você acha que deve ser o maior risco para a Bolsa brasileira nos próximos meses,atual governo
Q008,Qual você acha que deve ser o maior risco para a Bolsa brasileira nos próximos meses,Fluxo estrangeiro em saida
Q008,Qual você acha que deve ser o maior risco para a Bolsa brasileira nos próximos meses,SAIDA DOS INVESTIDORES ESTRANGEIROSS
Q009,Em quais setores da Bolsa seus clientes estão mais interessados em investir neste momento?,Não estão interessados
Q015,Com qual frequência a carteira dos seus clientes é revisada?,semestralmente
Q015,Com qual frequência a carteira dos seus clientes é revisada?,Depende do cliente
Q015,Com qual frequência a carteira dos seus clientes é revisada?,bimestralmente
Q015,Com qual frequência a carteira dos seus clientes é revisada?,semestral
Q015,Com qual frequência a carteira dos seus clientes é revisada?,Depende do net.
Q015,Com qual frequência a carteira dos seus clientes é revisada?,Alguns bimestral
Q015,Com qual frequência a carteira dos seus clientes é revisada?,Depende do volume investido.
Q015,Com qual frequência a carteira dos seus clientes é revisada?,Depende de cada cliente.
Q015,Com qual frequência a carteira dos seus clientes é revisada?,"Depende do cliente, e a necessidade de cada um deles."
Q015,Com qual frequência a carteira dos seus clientes é revisada?,Base de clientes muito baixa.
Q015,Com qual frequência a carteira dos seus clientes é revisada?,Bimestralmente em média
Q015,Com qual frequência a carteira dos seus clientes é revisada?,Depende do Patrimônio. Na escala Trimestral para Anual
Q016,Qual dos fatores abaixo aumentaria o apetite por risco dos clientes para alocar em ações brasileiras?,Redução em riscos de política fiscal no Brasil
Q016,Qual dos fatores abaixo aumentaria o apetite por risco dos clientes para alocar em ações brasileiras?,Cortes de juros no Brasil
Q016,Qual dos fatores abaixo aumentaria o apetite por risco dos clientes para alocar em ações brasileiras?,Redução em ruídos políticos no Brasil
Q016,Qual dos fatores abaixo aumentaria o apetite por risco dos clientes para alocar em ações brasileiras?,Corte de juros nos EUA
Q016,Qual dos fatores abaixo aumentaria o apetite por risco dos clientes para alocar em ações brasileiras?,Cortes de juros mais agressivos no Brasil
Q016,Qual dos fatores abaixo aumentaria o apetite por risco dos clientes para alocar em ações brasileiras?,Mudança de rumo na política econômica
Q016,Qual dos fatores abaixo aumentaria o apetite por risco dos clientes para alocar em ações brasileiras?,Melhora na recuperação econômica da China
Q016,Qual dos fatores abaixo aumentaria o apetite por risco dos clientes para alocar em ações brasileiras?,Cenário de desaceleração econômica nos EUA sem recessão
Q016,Qual dos fatores abaixo aumentaria o apetite por risco dos clientes para alocar em ações brasileiras?,Corte de juros mais agressivo nos EUA
Q016,Qual dos fatores abaixo aumentaria o apetite por risco dos clientes para alocar em ações brasileiras?,Queda de juros nos EUA e mundo
Q016,Qual dos fatores abaixo aumentaria o apetite por risco dos clientes para alocar em ações brasileiras?,Mudança de Governo
Q016,Qual dos fatores abaixo aumentaria o apetite por risco dos clientes para alocar em ações brasileiras?,troca de governo
Q016,Qual dos fatores abaixo aumentaria o apetite por risco dos clientes para alocar em ações brasileiras?,Troca de Presidente
Q016,Qual dos fatores abaixo aumentaria o apetite por risco dos clientes para alocar em ações brasileiras?,Nenhum
Q016,Qual dos fatores abaixo aumentaria o apetite por risco dos clientes para alocar em ações brasileiras?,Queda do Lula
Q016,Qual dos fatores abaixo aumentaria o apetite por risco dos clientes para alocar em ações brasileiras?,Educação Financeira
Q016,Qual dos fatores abaixo aumentaria o apetite por risco dos clientes para alocar em ações brasileiras?,fiscal
Q016,Qual dos fatores abaixo aumentaria o apetite por risco dos clientes para alocar em ações brasileiras?,Terceira guerra mundial
Q016,Qual dos fatores abaixo aumentaria o apetite por risco dos clientes para alocar em ações brasileiras?,Bolsonaro
Q016,Qual dos fatores abaixo aumentaria o apetite por risco dos clientes para alocar em ações brasileiras?,queda Taxa Selic
Q016,Qual dos fatores abaixo aumentaria o apetite por risco dos clientes para alocar em ações brasileiras?,Queda do atual Presidente
Q016,Qual dos fatores abaixo aumentaria o apetite por risco dos clientes para alocar em ações brasileiras?,troca do governo federal
Q016,Qual dos fatores abaixo aumentaria o apetite por risco dos clientes para alocar em ações brasileiras?,Troca do presidente.
Q016,Qual dos fatores abaixo aumentaria o apetite por risco dos clientes para alocar em ações brasileiras?,Ausência de interferência pelo Governo em Estatais (empresas de economia mista)
Q016,Qual dos fatores abaixo aumentaria o apetite por risco dos clientes para alocar em ações brasileiras?,Mudanças nas atitudes do Governo
Q016,Qual dos fatores abaixo aumentaria o apetite por risco dos clientes para alocar em ações brasileiras?,nao querem saber de bolsa brasileira
Q016,Qual dos fatores abaixo aumentaria o apetite por risco dos clientes para alocar em ações brasileiras?,acordo de paz
Q016,Qual dos fatores abaixo aumentaria o apetite por risco dos clientes para alocar em ações brasileiras?,"Redução de ruídos de conflitos entre países no oriente médio, russia, china e EUA"
Q016,Qual dos fatores abaixo aumentaria o apetite por risco dos clientes para alocar em ações brasileiras?,Aumento expressivo do capital estrangeiro na B3
Q016,Qual dos fatores abaixo aumentaria o apetite por risco dos clientes para alocar em ações brasileiras?,Preço/Lucro muito a baixo
Q016,Qual dos fatores abaixo aumentaria o apetite por risco dos clientes para alocar em ações brasileiras?,posse do Alckmin
Q016,Qual dos fatores abaixo aumentaria o apetite por risco dos clientes para alocar em ações brasileiras?,Acredito que redução dos juros e redução do risco fiscal.
Q016,Qual dos fatores abaixo aumentaria o apetite por risco dos clientes para alocar em ações brasileiras?,Troca do atual Presidente do Brasil
Q016,Qual dos fatores abaixo aumentaria o apetite por risco dos clientes para alocar em ações brasileiras?,ações muito baratas
Q016,Qual dos fatores abaixo aumentaria o apetite por risco dos clientes para alocar em ações brasileiras?,RISCO POLITICO
Q016,Qual dos fatores abaixo aumentaria o apetite por risco dos clientes para alocar em ações brasileiras?,Mudança do governo
Q016,Qual dos fatores abaixo aumentaria o apetite por risco dos clientes para alocar em ações brasileiras?,Expectativa de candidatos a eleição em 2026
Q016,Qual dos fatores abaixo aumentaria o apetite por risco dos clientes para alocar em ações brasileiras?,Saida do lula do poder
Q016,Qual dos fatores abaixo aumentaria o apetite por risco dos clientes para alocar em ações brasileiras?,"O sentimento é claro: As ações são boas, mas o governo não ajuda"
Q016,Qual dos fatores abaixo aumentaria o apetite por risco dos clientes para alocar em ações brasileiras?,Troca do Presidente
Q016,Qual dos fatores abaixo aumentaria o apetite por risco dos clientes para alocar em ações brasileiras?,Eleições
Q016,Qual dos fatores abaixo aumentaria o apetite por risco dos clientes para alocar em ações brasileiras?,mudança de rumo na política econômica EUA
Q016,Qual dos fatores abaixo aumentaria o apetite por risco dos clientes para alocar em ações brasileiras?,Sinalização de mudança de governo
Q016,Qual dos fatores abaixo aumentaria o apetite por risco dos clientes para alocar em ações brasileiras?,"Melhor custo beneficio em relação a rentabilidade. Renda fixa, baixo risco ganhando 15%, qual o prêmio em RV ?"
Q016,Qual dos fatores abaixo aumentaria o apetite por risco dos clientes para alocar em ações brasileiras?,vitória de um candidato de direita
Q016,Qual dos fatores abaixo aumentaria o apetite por risco dos clientes para alocar em ações brasileiras?,eleiçao 2026
Q016,Qual dos fatores abaixo aumentaria o apetite por risco dos clientes para alocar em ações brasileiras?,Expectativa da alternância de poder no Brasil
Q016,Qual dos fatores abaixo aumentaria o apetite por risco dos clientes para alocar em ações brasileiras?,Os preços caírem mais
Q016,Qual dos fatores abaixo aumentaria o apetite por risco dos clientes para alocar em ações brasileiras?,Entrada de recursos estrangeiros em nossa bolsa.
Q016,Qual dos fatores abaixo aumentaria o apetite por risco dos clientes para alocar em ações brasileiras?,Queda do governo Lula.
Q016,Qual dos fatores abaixo aumentaria o apetite por risco dos clientes para alocar em ações brasileiras?,Mudança política
Q016,Qual dos fatores abaixo aumentaria o apetite por risco dos clientes para alocar em ações brasileiras?,Derrota do Lula (vagabundo)
Q016,Qual dos fatores abaixo aumentaria o apetite por risco dos clientes para alocar em ações brasileiras?,sinalização de vitória da direita em 2026
Q016,Qual dos fatores abaixo aumentaria o apetite por risco dos clientes para alocar em ações brasileiras?,Ter fee fixo para clientes menores de 300k
Q016,Qual dos fatores abaixo aumentaria o apetite por risco dos clientes para alocar em ações brasileiras?,"Meus clientes não se guiam pelo imediato, mas pelo longo prazo. No longo prazo, notícias e fatos específicos não fazem diferença."
Q016,Qual dos fatores abaixo aumentaria o apetite por risco dos clientes para alocar em ações brasileiras?,continuação do atual governo
Q016,Qual dos fatores abaixo aumentaria o apetite por risco dos clientes para alocar em ações brasileiras?,Mudança total do governo
Q016,Qual dos fatores abaixo aumentaria o apetite por risco dos clientes para alocar em ações brasileiras?,Mudar governo e CORTAR GASTOS
Q016,Qual dos fatores abaixo aumentaria o apetite por risco dos clientes para alocar em ações brasileiras?,Direita assumindo o BRasil
Q016,Qual dos fatores abaixo aumentaria o apetite por risco dos clientes para alocar em ações brasileiras?,Mudança na Política Fiscal
Q016,Qual dos fatores abaixo aumentaria o apetite por risco dos clientes para alocar em ações brasileiras?,Fiscal e crescimento sustentável
Q016,Qual dos fatores abaixo aumentaria o apetite por risco dos clientes para alocar em ações brasileiras?,eleiçoes
Q016,Qual dos fatores abaixo aumentaria o apetite por risco dos clientes para alocar em ações brasileiras?,Alternância do partido no governo
Q016,Qual dos fatores abaixo aumentaria o apetite por risco dos clientes para alocar em ações brasileiras?,Mudança no espectro politico brasileiro
Q016,Qual dos fatores abaixo aumentaria o apetite por risco dos clientes para alocar em ações brasileiras?,Estabilidade e previsibilidade juridica e ecônomica
Q016,Qual dos fatores abaixo aumentaria o apetite por risco dos clientes para alocar em ações brasileiras?,Eleição de um Fiscalista.
Q016,Qual dos fatores abaixo aumentaria o apetite por risco dos clientes para alocar em ações brasileiras?,redução das incertezas na geopolítica internacional
Q016,Qual dos fatores abaixo aumentaria o apetite por risco dos clientes para alocar em ações brasileiras?,Eleição de um governo fiscalista
Q016,Qual dos fatores abaixo aumentaria o apetite por risco dos clientes para alocar em ações brasileiras?,eleição da direita
Q016,Qual dos fatores abaixo aumentaria o apetite por risco dos clientes para alocar em ações brasileiras?,Mudança política.
Q016,Qual dos fatores abaixo aumentaria o apetite por risco dos clientes para alocar em ações brasileiras?,PT perder a eleição
Q016,Qual dos fatores abaixo aumentaria o apetite por risco dos clientes para alocar em ações brasileiras?,Riscos geopolíticos
Q016,Qual dos fatores abaixo aumentaria o apetite por risco dos clientes para alocar em ações brasileiras?,Lula morrer
Q016,Qual dos fatores abaixo aumentaria o apetite por risco dos clientes para alocar em ações brasileiras?,"Fim da guerra, estabilização preço petróleo"
Q016,Qual dos fatores abaixo aumentaria o apetite por risco dos clientes para alocar em ações brasileiras?,Menos conflitos geopolíticos
Q016,Qual dos fatores abaixo aumentaria o apetite por risco dos clientes para alocar em ações brasileiras?,saída do PT
Q016,Qual dos fatores abaixo aumentaria o apetite por risco dos clientes para alocar em ações brasileiras?,acabar a guerra do EUA-irã
Q016,Qual dos fatores abaixo aumentaria o apetite por risco dos clientes para alocar em ações brasileiras?,Fim do conflito no Irã
Q016,Qual dos fatores abaixo aumentaria o apetite por risco dos clientes para alocar em ações brasileiras?,"os clientes ainda nao sabem como a bolsa vai se comportar, então estao surfando enquanto podem."
Q016,Qual dos fatores abaixo aumentaria o apetite por risco dos clientes para alocar em ações brasileiras?,Sensação de segurança nas informações
Q016,Qual dos fatores abaixo aumentaria o apetite por risco dos clientes para alocar em ações brasileiras?,Fim de conflitos geopolíticos
Q016,Qual dos fatores abaixo aumentaria o apetite por risco dos clientes para alocar em ações brasileiras?,fim das guerras
Q017,Que tipo de estratégia de investimentos os seus clientes estão mais interessados?,Dividendos
Q017,Que tipo de estratégia de investimentos os seus clientes estão mais interessados?,Ações defensivas
Q017,Que tipo de estratégia de investimentos os seus clientes estão mais interessados?,Ações de alto crescimento
Q017,Que tipo de estratégia de investimentos os seus clientes estão mais interessados?,Commodities
Q017,Que tipo de estratégia de investimentos os seus clientes estão mais interessados?,Ações com exposição a dólar
Q017,Que tipo de estratégia de investimentos os seus clientes estão mais interessados?,Large Caps
Q017,Que tipo de estratégia de investimentos os seus clientes estão mais interessados?,Small Caps
Q017,Que tipo de estratégia de investimentos os seus clientes estão mais interessados?,Teses de turnaround
Q017,Que tipo de estratégia de investimentos os seus clientes estão mais interessados?,Alto momentum
Q017,Que tipo de estratégia de investimentos os seus clientes estão mais interessados?,Outra
Q017,Que tipo de estratégia de investimentos os seus clientes estão mais interessados?,Por que diabos os relatórios de ações em pdf do research da XP estão só em inglês?
Q017,Que tipo de estratégia de investimentos os seus clientes estão mais interessados?,opções
Q017,Que tipo de estratégia de investimentos os seus clientes estão mais interessados?,Produtos Estruturados
Q021,Seus clientes acompanham a temporada de resultados?,Não acompanham
Q021,Seus clientes acompanham a temporada de resultados?,"Sim, para monitoramento da carteira"
Q021,Seus clientes acompanham a temporada de resultados?,"Sim, para buscarem oportunidades de longo prazo"
Q021,Seus clientes acompanham a temporada de resultados?,"Sim, para acharem oportunidades de curto prazo"
Q023,Em qual nível de Selic seus clientes devem voltar a alocar em renda variável?,9%
Q023,Em qual nível de Selic seus clientes devem voltar a alocar em renda variável?,8%
Q023,Em qual nível de Selic seus clientes devem voltar a alocar em renda variável?,Abaixo 8%
Q023,Em qual nível de Selic seus clientes devem voltar a alocar em renda variável?,10%
Q023,Em qual nível de Selic seus clientes devem voltar a alocar em renda variável?,12%
Q023,Em qual nível de Selic seus clientes devem voltar a alocar em renda variável?,11%
Q024,Qual o nível que você espera que o Ibovespa atinja nos próximos 12 meses?,Entre 130 mil e 140 mil pontos
Q024,Qual o nível que você espera que o Ibovespa atinja nos próximos 12 meses?,Entre 140 mil e 150 mil pontos
Q024,Qual o nível que você espera que o Ibovespa atinja nos próximos 12 meses?,Entre 120 mil e 130 mil pontos
Q024,Qual o nível que você espera que o Ibovespa atinja nos próximos 12 meses?,Entre 150 mil e 160 mil pontos
Q024,Qual o nível que você espera que o Ibovespa atinja nos próximos 12 meses?,Abaixo 120 mil pontos
Q024,Qual o nível que você espera que o Ibovespa atinja nos próximos 12 meses?,Entre 160 e 170 mil pontos
Q024,Qual o nível que você espera que o Ibovespa atinja nos próximos 12 meses?,Acima 170 mil pontos
Q025,Houve alteração nas carteiras de seus clientes após os recentes anúncios de estímulos na China?,"Não, e não planejam pois os clientes não acreditam numa mudança estrutural na China"
Q025,Houve alteração nas carteiras de seus clientes após os recentes anúncios de estímulos na China?,"Não, pois meus clientes já estão posicionados em ativos chineses ou expostos à China"
Q025,Houve alteração nas carteiras de seus clientes após os recentes anúncios de estímulos na China?,"Não, mas meus clientes planejam aumentar a alocação em ativos chineses ou expostos à China"
Q025,Houve alteração nas carteiras de seus clientes após os recentes anúncios de estímulos na China?,"Sim, aumentaram exposição em ativos chineses ou expostos à China"
Q025,Houve alteração nas carteiras de seus clientes após os recentes anúncios de estímulos na China?,Investem apenas no Brasil
Q025,Houve alteração nas carteiras de seus clientes após os recentes anúncios de estímulos na China?,não pois a maioria dos clientes estão alocados em renda fixa aqui no Brasil.
Q025,Houve alteração nas carteiras de seus clientes após os recentes anúncios de estímulos na China?,"Não, pois meus clientes não possuem esse tipo de exposição direta."
Q025,Houve alteração nas carteiras de seus clientes após os recentes anúncios de estímulos na China?,"Não, clientes expostos em carteira de dividendos"
Q025,Houve alteração nas carteiras de seus clientes após os recentes anúncios de estímulos na China?,investem através de fundos de ações
Q025,Houve alteração nas carteiras de seus clientes após os recentes anúncios de estímulos na China?,sairam da posição em china no passado
Q025,Houve alteração nas carteiras de seus clientes após os recentes anúncios de estímulos na China?,Não
Q025,Houve alteração nas carteiras de seus clientes após os recentes anúncios de estímulos na China?,Não houve.
Q025,Houve alteração nas carteiras de seus clientes após os recentes anúncios de estímulos na China?,"Não, pois não se interessam pelo assunto."
Q026,Houve alteração no sentimento de seus clientes em relação à renda variável após a temporada de resultados do 3o trimestre?,"Não, permaneceram neutros"
Q026,Houve alteração no sentimento de seus clientes em relação à renda variável após a temporada de resultados do 3o trimestre?,"Sim, ficaram mais pessimistas"
Q026,Houve alteração no sentimento de seus clientes em relação à renda variável após a temporada de resultados do 3o trimestre?,"Não, permaneceram pessimistas"
Q026,Houve alteração no sentimento de seus clientes em relação à renda variável após a temporada de resultados do 3o trimestre?,"Sim, ficaram mais neutros"
Q026,Houve alteração no sentimento de seus clientes em relação à renda variável após a temporada de resultados do 3o trimestre?,"Sim, ficaram mais otimistas"
Q026,Houve alteração no sentimento de seus clientes em relação à renda variável após a temporada de resultados do 3o trimestre?,"Não, permaneceram otimistas"
Q027,Houve ou haverá alteração nas carteiras de renda variável de seus clientes em meio às eleições americanas?,Não fizeram e não planejam efetuar mudanças baseado no resultado das eleições presidenciais americanas
Q027,Houve ou haverá alteração nas carteiras de renda variável de seus clientes em meio às eleições americanas?,"Sim, aumentaram ou planejam aumentar a exposição em outros setores visando vitória de Trump"
Q027,Houve ou haverá alteração nas carteiras de renda variável de seus clientes em meio às eleições americanas?,"Sim, aumentaram ou planejam aumentar a exposição em setores de exportação de commodities visando vitória de Trump"
Q027,Houve ou haverá alteração nas carteiras de renda variável de seus clientes em meio às eleições americanas?,"Sim, aumentaram ou planejam aumentar a exposição em investimento verde visando vitória da Kamala"
Q028,Qual o nível que você espera que o Ibovespa atinja ao fim de 2025?,Entre 130 mil e 140 mil pontos
Q028,Qual o nível que você espera que o Ibovespa atinja ao fim de 2025?,Entre 140 mil e 150 mil pontos
Q028,Qual o nível que você espera que o Ibovespa atinja ao fim de 2025?,Entre 120 mil e 130 mil pontos
Q028,Qual o nível que você espera que o Ibovespa atinja ao fim de 2025?,Entre 110 mil e 120 mil pontos
Q028,Qual o nível que você espera que o Ibovespa atinja ao fim de 2025?,Entre 150 e 160 mil pontos
Q028,Qual o nível que você espera que o Ibovespa atinja ao fim de 2025?,Abaixo de 110 mil pontos
Q028,Qual o nível que você espera que o Ibovespa atinja ao fim de 2025?,Entre 160 e 170 mil pontos
Q028,Qual o nível que você espera que o Ibovespa atinja ao fim de 2025?,Acima 170 mil pontos
Q029,Quais características na renda variável que seus clientes estão mais interessados em investir neste momento?,Ações defensivas
Q029,Quais características na renda variável que seus clientes estão mais interessados em investir neste momento?,"Ações com carrego sólido (altas TIRs, geração de caixa)"
Q029,Quais características na renda variável que seus clientes estão mais interessados em investir neste momento?,Ações dolarizadas
Q029,Quais características na renda variável que seus clientes estão mais interessados em investir neste momento?,Ações com uma forte dinâmica de lucros
Q029,Quais características na renda variável que seus clientes estão mais interessados em investir neste momento?,Ações de crescimento
Q029,Quais características na renda variável que seus clientes estão mais interessados em investir neste momento?,Ações com baixa alavancagem financeira
Q029,Quais características na renda variável que seus clientes estão mais interessados em investir neste momento?,Ações cíclicas
Q030,"Como se tornou o sentimento de seus clientes em relação à renda variável após o anúncio do pacote de corte de gastos, comparado ao que era antes?",Pessimista
Q030,"Como se tornou o sentimento de seus clientes em relação à renda variável após o anúncio do pacote de corte de gastos, comparado ao que era antes?",Levemente pessimista
Q030,"Como se tornou o sentimento de seus clientes em relação à renda variável após o anúncio do pacote de corte de gastos, comparado ao que era antes?",Neutro
Q030,"Como se tornou o sentimento de seus clientes em relação à renda variável após o anúncio do pacote de corte de gastos, comparado ao que era antes?",Levemente otimista
Q030,"Como se tornou o sentimento de seus clientes em relação à renda variável após o anúncio do pacote de corte de gastos, comparado ao que era antes?",Otimista
Q031,"Em períodos de maior incerteza, seus clientes costumam preferir:",Reduzir exposição em renda variável
Q031,"Em períodos de maior incerteza, seus clientes costumam preferir:",Manter exposição em renda variável
Q031,"Em períodos de maior incerteza, seus clientes costumam preferir:",Zerar exposição em renda variável
Q031,"Em períodos de maior incerteza, seus clientes costumam preferir:",Aumentar exposição em renda variável
Q032,"A alta do custo de vida, refletida nas leituras recentes e expectativas para o IPCA, tem levado seus clientes a reduzir os aportes em renda variável?",Sim
Q032,"A alta do custo de vida, refletida nas leituras recentes e expectativas para o IPCA, tem levado seus clientes a reduzir os aportes em renda variável?",Não
Q033,Como está a expectativa de seus clientes para o desempenho das empresas nesta temporada de resultados?,Neutra
Q033,Como está a expectativa de seus clientes para o desempenho das empresas nesta temporada de resultados?,Positiva
Q033,Como está a expectativa de seus clientes para o desempenho das empresas nesta temporada de resultados?,Negativa
Q033,Como está a expectativa de seus clientes para o desempenho das empresas nesta temporada de resultados?,Fortemente positiva
Q033,Como está a expectativa de seus clientes para o desempenho das empresas nesta temporada de resultados?,Fortemente negativa
Q034,Quais tipos de papéis seus clientes preferem evitar?,Alta alavancagem financeira
Q034,Quais tipos de papéis seus clientes preferem evitar?,Exposição a riscos políticos
Q034,Quais tipos de papéis seus clientes preferem evitar?,Alta sensitividade aos juros
Q034,Quais tipos de papéis seus clientes preferem evitar?,Yields baixos
Q034,Quais tipos de papéis seus clientes preferem evitar?,Baixo crescimento
Q034,Quais tipos de papéis seus clientes preferem evitar?,Alta sensitividade a inflação
Q034,Quais tipos de papéis seus clientes preferem evitar?,Margens baixas
Q034,Quais tipos de papéis seus clientes preferem evitar?,Beta alto
Q035,Quais estratégias de proteção seus clientes utilizam?,Diversificação (ex.: geografia
Q035,Quais estratégias de proteção seus clientes utilizam?,classes de ativos)
Q035,Quais estratégias de proteção seus clientes utilizam?,Dólar
Q035,Quais estratégias de proteção seus clientes utilizam?,Operações estruturadas
Q035,Quais estratégias de proteção seus clientes utilizam?,Não utilizam estratégias de proteção
Q035,Quais estratégias de proteção seus clientes utilizam?,Opções
Q035,Quais estratégias de proteção seus clientes utilizam?,Alocação tática
Q035,Quais estratégias de proteção seus clientes utilizam?,Ficar short
Q035,Quais estratégias de proteção seus clientes utilizam?,Futuros
Q036,Qual o nível de monitoramento de portfólio que seus clientes fazem?,Mensalmente
Q036,Qual o nível de monitoramento de portfólio que seus clientes fazem?,Semanalmente
Q036,Qual o nível de monitoramento de portfólio que seus clientes fazem?,Diariamente
Q036,Qual o nível de monitoramento de portfólio que seus clientes fazem?,Trimestralmente
Q036,Qual o nível de monitoramento de portfólio que seus clientes fazem?,Quase nunca
Q036,Qual o nível de monitoramento de portfólio que seus clientes fazem?,Semestralmente
Q037,Qual a frequência de rebalanceamento de portfólio que seus clientes fazem?,Trimestralmente
Q037,Qual a frequência de rebalanceamento de portfólio que seus clientes fazem?,Mensalmente
Q037,Qual a frequência de rebalanceamento de portfólio que seus clientes fazem?,Semestralmente
Q037,Qual a frequência de rebalanceamento de portfólio que seus clientes fazem?,Quase nunca
Q037,Qual a frequência de rebalanceamento de portfólio que seus clientes fazem?,Anualmente
Q037,Qual a frequência de rebalanceamento de portfólio que seus clientes fazem?,Semanalmente
Q038,Quais estratégias de proteção contra a volatilidade alta seus clientes utilizam?,Diversificação (ex.: geografia
Q038,Quais estratégias de proteção contra a volatilidade alta seus clientes utilizam?,classes de ativos)
Q038,Quais estratégias de proteção contra a volatilidade alta seus clientes utilizam?,Investimento a longo prazo
Q038,Quais estratégias de proteção contra a volatilidade alta seus clientes utilizam?,Investimentos em setores defensivos
Q038,Quais estratégias de proteção contra a volatilidade alta seus clientes utilizam?,Rebalanceamento de ativos no portfólio
Q038,Quais estratégias de proteção contra a volatilidade alta seus clientes utilizam?,Não utilizam estratégias de proteção contra volatilidade
Q038,Quais estratégias de proteção contra a volatilidade alta seus clientes utilizam?,Hedging com Opções
Q038,Quais estratégias de proteção contra a volatilidade alta seus clientes utilizam?,Custo médio (Dollar-Cost Average)
Q038,Quais estratégias de proteção contra a volatilidade alta seus clientes utilizam?,Ordens de Stop-Loss
Q039,Quão confiantes seus clientes estão de que seus portfólios estão bem diversificados em relação aos riscos de mercado?,Meio confiante
Q039,Quão confiantes seus clientes estão de que seus portfólios estão bem diversificados em relação aos riscos de mercado?,Bem confiante
Q039,Quão confiantes seus clientes estão de que seus portfólios estão bem diversificados em relação aos riscos de mercado?,Não estou confiante
Q040,Qual o horizonte de investimento de seus clientes?,Longo-prazo (maior que 1 ano)
Q040,Qual o horizonte de investimento de seus clientes?,Médio-prazo (de 3 meses a 1 ano)
Q041,O horizonte de investimento de seus clientes mudou devido a eventos macroeconômicos recentes?,"Não, sem intenção de mudar"
Q041,O horizonte de investimento de seus clientes mudou devido a eventos macroeconômicos recentes?,"Sim, encurtou"
Q041,O horizonte de investimento de seus clientes mudou devido a eventos macroeconômicos recentes?,"Não, mas querem mudar"
Q041,O horizonte de investimento de seus clientes mudou devido a eventos macroeconômicos recentes?,"Sim, ficou mais longo"
Q042,O interesse de seus clientes por investimentos internacionais aumentou após o anúncio das tarifas e a volatilidade recente no mercado?,Não mudou
Q042,O interesse de seus clientes por investimentos internacionais aumentou após o anúncio das tarifas e a volatilidade recente no mercado?,Sim - levemente
Q042,O interesse de seus clientes por investimentos internacionais aumentou após o anúncio das tarifas e a volatilidade recente no mercado?,Sim - razoavelmente
Q042,O interesse de seus clientes por investimentos internacionais aumentou após o anúncio das tarifas e a volatilidade recente no mercado?,Não - reduziu levemente
Q042,O interesse de seus clientes por investimentos internacionais aumentou após o anúncio das tarifas e a volatilidade recente no mercado?,Sim - consideravelmente
Q042,O interesse de seus clientes por investimentos internacionais aumentou após o anúncio das tarifas e a volatilidade recente no mercado?,Não - reduziu consideravelmente
Q042,O interesse de seus clientes por investimentos internacionais aumentou após o anúncio das tarifas e a volatilidade recente no mercado?,Não - reduziu razoavelmente
Q043,Seus clientes acreditam que o atual ciclo de alta de juros no Brasil está próximo do fim?,Sim
Q043,Seus clientes acreditam que o atual ciclo de alta de juros no Brasil está próximo do fim?,Não tem certeza / Preferem não opinar
Q043,Seus clientes acreditam que o atual ciclo de alta de juros no Brasil está próximo do fim?,"Não, ainda veem espaço para novos aumentos"
Q043,Seus clientes acreditam que o atual ciclo de alta de juros no Brasil está próximo do fim?,Não acompanham esse tipo de informação
Q044,A partir de qual nível de Selic seus clientes começam a se interessar por renda variável?,10%
Q044,A partir de qual nível de Selic seus clientes começam a se interessar por renda variável?,=< 8%
Q044,A partir de qual nível de Selic seus clientes começam a se interessar por renda variável?,9%
Q044,A partir de qual nível de Selic seus clientes começam a se interessar por renda variável?,11%
Q044,A partir de qual nível de Selic seus clientes começam a se interessar por renda variável?,12%
Q044,A partir de qual nível de Selic seus clientes começam a se interessar por renda variável?,13%
Q044,A partir de qual nível de Selic seus clientes começam a se interessar por renda variável?,14%
Q045,Como seus clientes costumam reagir a fortes quedas de mercado (ex.: -5% na Bolsa)?,Ficam inseguros e buscam orientação
Q045,Como seus clientes costumam reagir a fortes quedas de mercado (ex.: -5% na Bolsa)?,Aguardam estabilidade antes de agir
Q045,Como seus clientes costumam reagir a fortes quedas de mercado (ex.: -5% na Bolsa)?,Aproveitam para aumentar exposição (oportunidade)
Q045,Como seus clientes costumam reagir a fortes quedas de mercado (ex.: -5% na Bolsa)?,Vendem parte da posição para se protegerem
Q046,Qual é a percepção predominante dos seus clientes sobre a taxa de câmbio referente ao dólar?,Acreditam que vai subir e querem se proteger
Q046,Qual é a percepção predominante dos seus clientes sobre a taxa de câmbio referente ao dólar?,Acreditam que vai permanecer estável
Q046,Qual é a percepção predominante dos seus clientes sobre a taxa de câmbio referente ao dólar?,Não consideram relevante para a carteira
Q046,Qual é a percepção predominante dos seus clientes sobre a taxa de câmbio referente ao dólar?,Acreditam que vai cair e estão evitando ativos atrelados
Q047,As recentes mudanças nas regras do IOF sobre investimentos/previdência alteraram a visão dos seus clientes?,"Não, a maioria dos clientes não percebeu ou entendeu a mudança"
Q047,As recentes mudanças nas regras do IOF sobre investimentos/previdência alteraram a visão dos seus clientes?,"Sim, reduziu o interesse por investimentos internacionais/offshore"
Q047,As recentes mudanças nas regras do IOF sobre investimentos/previdência alteraram a visão dos seus clientes?,"Não, mesmo sabendo da mudança, mantiveram as estratégias"
Q047,As recentes mudanças nas regras do IOF sobre investimentos/previdência alteraram a visão dos seus clientes?,"Sim, reduziu o interesse por previdência privada"
Q048,Como você avaliaria o nível de compreensão dos seus clientes sobre o atual cenário macro?,"Médio - acompanham, mas com compreensão limitada"
Q048,Como você avaliaria o nível de compreensão dos seus clientes sobre o atual cenário macro?,"Baixo - ouvem falar, mas não conectam com seus investimentos"
Q048,Como você avaliaria o nível de compreensão dos seus clientes sobre o atual cenário macro?,Alto - entendem os principais impactos econômicos
Q048,Como você avaliaria o nível de compreensão dos seus clientes sobre o atual cenário macro?,Muito baixo - não demonstram interesse ou conhecimento
Q049,Como seus clientes enxergam a trajetória da inflação nos próximos 12 meses e como isso tem influenciado o posicionamento deles em investimentos?,"Inflação estável - estão mantendo uma carteira diversificada, sem grandes mudanças"
Q049,Como seus clientes enxergam a trajetória da inflação nos próximos 12 meses e como isso tem influenciado o posicionamento deles em investimentos?,Inflação em alta - estão priorizando ativos atrelados à inflação (ex.: Tesouro IPCA)
Q049,Como seus clientes enxergam a trajetória da inflação nos próximos 12 meses e como isso tem influenciado o posicionamento deles em investimentos?,Não possuem opinião formada sobre a inflação e/ou não alteraram suas carteiras
Q049,Como seus clientes enxergam a trajetória da inflação nos próximos 12 meses e como isso tem influenciado o posicionamento deles em investimentos?,Inflação em queda - estão buscando mais exposição a renda fixa prefixada ou ações
Q050,A performance dos ativos no 1o semestre gerou mudanças nas carteiras dos seus clientes?,"Nao, seguiram alocando primordialmente em renda fixa"
Q050,A performance dos ativos no 1o semestre gerou mudanças nas carteiras dos seus clientes?,"Sim, aumentou interesse em Bolsa brasileira"
Q050,A performance dos ativos no 1o semestre gerou mudanças nas carteiras dos seus clientes?,"Sim, aumentou o interesse em Bolsa brasileira e ativos internacionais"
Q050,A performance dos ativos no 1o semestre gerou mudanças nas carteiras dos seus clientes?,"Sim, aumentou interesse em ativos internacionais"
Q051,"Diante do contexto recente de alterações nas relações comerciais entre Brasil e EUA, incluindo anúncios de tarifas, quais movimentos de alocação você tem observado nas carteiras dos clientes?","Aumentaram a alocação em renda fixa local (prefixado, CDI ou IPCA+)"
Q051,"Diante do contexto recente de alterações nas relações comerciais entre Brasil e EUA, incluindo anúncios de tarifas, quais movimentos de alocação você tem observado nas carteiras dos clientes?",Não realizaram alterações relevantes nas carteiras
Q051,"Diante do contexto recente de alterações nas relações comerciais entre Brasil e EUA, incluindo anúncios de tarifas, quais movimentos de alocação você tem observado nas carteiras dos clientes?",Aumentaram a exposição a ativos dolarizados
Q051,"Diante do contexto recente de alterações nas relações comerciais entre Brasil e EUA, incluindo anúncios de tarifas, quais movimentos de alocação você tem observado nas carteiras dos clientes?",Reforçaram posições em ações locais mais defensivas (setores de menor beta ou menos cíclicos)
Q051,"Diante do contexto recente de alterações nas relações comerciais entre Brasil e EUA, incluindo anúncios de tarifas, quais movimentos de alocação você tem observado nas carteiras dos clientes?",Reduziram risco de forma não estruturada
Q051,"Diante do contexto recente de alterações nas relações comerciais entre Brasil e EUA, incluindo anúncios de tarifas, quais movimentos de alocação você tem observado nas carteiras dos clientes?",Outro
Q052,A expectativa de início do ciclo de cortes na Selic em 2026 influenciou de alguma forma as alocações dos seus clientes?,Mantiveram a estratégia anterior
Q052,A expectativa de início do ciclo de cortes na Selic em 2026 influenciou de alguma forma as alocações dos seus clientes?,Aumentaram exposição à bolsa
Q052,A expectativa de início do ciclo de cortes na Selic em 2026 influenciou de alguma forma as alocações dos seus clientes?,Realocaram de ações defensivas para cíclicas/sensíveis a juros
Q052,A expectativa de início do ciclo de cortes na Selic em 2026 influenciou de alguma forma as alocações dos seus clientes?,Reduziram posição em renda fixa
Q052,A expectativa de início do ciclo de cortes na Selic em 2026 influenciou de alguma forma as alocações dos seus clientes?,Outro
Q053,Houve alteração no sentimento de seus clientes em relação à renda variável após a temporada de resultados do 2º trimestre?,"Não, permaneceram neutros"
Q053,Houve alteração no sentimento de seus clientes em relação à renda variável após a temporada de resultados do 2º trimestre?,"Sim, ficaram mais neutros"
Q053,Houve alteração no sentimento de seus clientes em relação à renda variável após a temporada de resultados do 2º trimestre?,"Sim, ficaram mais otimistas"
Q053,Houve alteração no sentimento de seus clientes em relação à renda variável após a temporada de resultados do 2º trimestre?,"Não, permaneceram otimistas"
Q053,Houve alteração no sentimento de seus clientes em relação à renda variável após a temporada de resultados do 2º trimestre?,"Sim, ficaram mais pessimistas"
Q053,Houve alteração no sentimento de seus clientes em relação à renda variável após a temporada de resultados do 2º trimestre?,"Não, permaneceram pessimistas"
Q054,A expectativa da retomada do ciclo de cortes de juros nos EUA está influenciando de alguma forma as alocações dos seus clientes?,"Não, mantiveram a estratégia anterior"
Q054,A expectativa da retomada do ciclo de cortes de juros nos EUA está influenciando de alguma forma as alocações dos seus clientes?,"Sim, estão aumentando exposição em renda variável local"
Q054,A expectativa da retomada do ciclo de cortes de juros nos EUA está influenciando de alguma forma as alocações dos seus clientes?,"Sim, estão aumentando exposição em renda variável internacional"
Q054,A expectativa da retomada do ciclo de cortes de juros nos EUA está influenciando de alguma forma as alocações dos seus clientes?,Outro
Q054,A expectativa da retomada do ciclo de cortes de juros nos EUA está influenciando de alguma forma as alocações dos seus clientes?,"Sim, estão se posicionando no mercado de moedas (ex.: comprando moedas de mercados emergentes)"
Q055,O recém-aprovado PL que irá introduzir a tributação de 10% na fonte sobre dividendos acima de R$ 50 mil por mês alterou a visão dos seus clientes?,"Não, mantiveram a estratégia anterior"
Q055,O recém-aprovado PL que irá introduzir a tributação de 10% na fonte sobre dividendos acima de R$ 50 mil por mês alterou a visão dos seus clientes?,"Não, a maioria não percebeu ou entendeu a mudança"
Q055,O recém-aprovado PL que irá introduzir a tributação de 10% na fonte sobre dividendos acima de R$ 50 mil por mês alterou a visão dos seus clientes?,"Sim, aumentou o interesse por investimentos isentos (ex: FIIs, LCI/LCA)"
Q055,O recém-aprovado PL que irá introduzir a tributação de 10% na fonte sobre dividendos acima de R$ 50 mil por mês alterou a visão dos seus clientes?,"Não, os meus clientes não são impactados"
Q055,O recém-aprovado PL que irá introduzir a tributação de 10% na fonte sobre dividendos acima de R$ 50 mil por mês alterou a visão dos seus clientes?,"Sim, reduziu o interesse por ações"
Q055,O recém-aprovado PL que irá introduzir a tributação de 10% na fonte sobre dividendos acima de R$ 50 mil por mês alterou a visão dos seus clientes?,Outro
Q056,Você utiliza ferramentas de Inteligência Artificial para avaliar ou apoiar decisões de investimento?,"Ainda não utilizo, mas pretendo aprender mais sobre o assunto"
Q056,Você utiliza ferramentas de Inteligência Artificial para avaliar ou apoiar decisões de investimento?,"Sim, tenho interesse e estou começando a explorar o tema"
Q056,Você utiliza ferramentas de Inteligência Artificial para avaliar ou apoiar decisões de investimento?,"Sim, já utilizo regularmente ferramentas de IA no meu dia a dia"
Q056,Você utiliza ferramentas de Inteligência Artificial para avaliar ou apoiar decisões de investimento?,"Não, ainda vejo pouca aplicação prática para o meu trabalho"
Q057,Qual é a alocação dos seus clientes em ações de empresas endividadas?,<5%
Q057,Qual é a alocação dos seus clientes em ações de empresas endividadas?,5-10%
Q057,Qual é a alocação dos seus clientes em ações de empresas endividadas?,11-20%
Q057,Qual é a alocação dos seus clientes em ações de empresas endividadas?,21-30%
Q057,Qual é a alocação dos seus clientes em ações de empresas endividadas?,51-75%
Q057,Qual é a alocação dos seus clientes em ações de empresas endividadas?,31-50%
Q058,A partir de qual nível da taxa Selic seus clientes aumentariam alocação em renda variável?,10%
Q058,A partir de qual nível da taxa Selic seus clientes aumentariam alocação em renda variável?,12%
Q058,A partir de qual nível da taxa Selic seus clientes aumentariam alocação em renda variável?,11%
Q058,A partir de qual nível da taxa Selic seus clientes aumentariam alocação em renda variável?,14%
Q058,A partir de qual nível da taxa Selic seus clientes aumentariam alocação em renda variável?,9%
Q058,A partir de qual nível da taxa Selic seus clientes aumentariam alocação em renda variável?,13%
Q058,A partir de qual nível da taxa Selic seus clientes aumentariam alocação em renda variável?,<8%
Q058,A partir de qual nível da taxa Selic seus clientes aumentariam alocação em renda variável?,8%
Q059,"Os eventos recentes e volatilidade no crédito privado, alteraram as perspectivas de alocação em renda variavel e outras classes de risco, com seus clientes?","Nao, seguem inalteradas"
Q059,"Os eventos recentes e volatilidade no crédito privado, alteraram as perspectivas de alocação em renda variavel e outras classes de risco, com seus clientes?","Sim, diminuíram o apetite para outras classes de ativos"
Q059,"Os eventos recentes e volatilidade no crédito privado, alteraram as perspectivas de alocação em renda variavel e outras classes de risco, com seus clientes?","Sim, aumentaram o apetite para outras classes de ativos"
Q060,Qual o nível que você espera que o Ibovespa atinja ao fim de 2026?,Entre 190 e 200 mil pontos
Q060,Qual o nível que você espera que o Ibovespa atinja ao fim de 2026?,Entre 200 e 210 mil pontos
Q060,Qual o nível que você espera que o Ibovespa atinja ao fim de 2026?,Entre 180 e 190 mil pontos
Q060,Qual o nível que você espera que o Ibovespa atinja ao fim de 2026?,Entre 170 mil e 190 mil pontos
Q060,Qual o nível que você espera que o Ibovespa atinja ao fim de 2026?,Entre 170 mil e 180 mil pontos
Q060,Qual o nível que você espera que o Ibovespa atinja ao fim de 2026?,Acima de 210 mil pontos
Q060,Qual o nível que você espera que o Ibovespa atinja ao fim de 2026?,Entre 160 mil e 170 mil pontos
Q060,Qual o nível que você espera que o Ibovespa atinja ao fim de 2026?,Entre 150 mil e 170 mil pontos
Q060,Qual o nível que você espera que o Ibovespa atinja ao fim de 2026?,Entre 150 mil e 160 mil pontos
Q060,Qual o nível que você espera que o Ibovespa atinja ao fim de 2026?,Entre 140 mil e 150 mil pontos
Q060,Qual o nível que você espera que o Ibovespa atinja ao fim de 2026?,Abaixo de 140 mil pontos
Q060,Qual o nível que você espera que o Ibovespa atinja ao fim de 2026?,Abaixo de 150 mil pontos
Q061,Os clientes estão alterando suas perspectivas de alocação em meio aos recentes anúncios de dividendos em antecipação à lei da reforma do Imposto de Renda?,"Sim, houve algum interesse, mas sem mudanças relevantes na alocação"
Q061,Os clientes estão alterando suas perspectivas de alocação em meio aos recentes anúncios de dividendos em antecipação à lei da reforma do Imposto de Renda?,"Ainda não, mas pode influenciar mais adiante"
Q061,Os clientes estão alterando suas perspectivas de alocação em meio aos recentes anúncios de dividendos em antecipação à lei da reforma do Imposto de Renda?,"Não, não houve e não deve haver impacto nas decisões de alocação"
Q061,Os clientes estão alterando suas perspectivas de alocação em meio aos recentes anúncios de dividendos em antecipação à lei da reforma do Imposto de Renda?,"Sim, os clientes aumentaram a alocação em ações de companhias que já anteciparam ou devem antecipar dividendos"
Q062,Quais características na renda variável que seus clientes estão mais interessados em investir neste momento?2,Ações defensivas
Q062,Quais características na renda variável que seus clientes estão mais interessados em investir neste momento?2,Ações com sólida geração de caixa e TIR elevada
Q062,Quais características na renda variável que seus clientes estão mais interessados em investir neste momento?2,Ações com uma forte dinâmica de lucros
Q062,Quais características na renda variável que seus clientes estão mais interessados em investir neste momento?2,Ações com baixa alavancagem financeira
Q062,Quais características na renda variável que seus clientes estão mais interessados em investir neste momento?2,Ações dolarizadas
Q062,Quais características na renda variável que seus clientes estão mais interessados em investir neste momento?2,Ações cíclicas
Q063,O cenário eleitoral de 2026 já está influenciando no posicionamento de seus clientes?,"Ainda não, mas deve ganhar força nos próximos meses"
Q063,O cenário eleitoral de 2026 já está influenciando no posicionamento de seus clientes?,"Sim, há algum movimento, mas ainda sem mudanças relevantes no posicionamento"
Q063,O cenário eleitoral de 2026 já está influenciando no posicionamento de seus clientes?,"Sim, os clientes já estão se posicionando de forma relevante pensando nas eleições de 2026"
Q063,O cenário eleitoral de 2026 já está influenciando no posicionamento de seus clientes?,O cenário eleitoral não deve impactar o posicionamento dos meus clientes
Q064,"Como você avalia a evolução do interesse dos clientes por fundos passivos (fundos de investimento que acompanham um índice de mercado, replicando sua composição) nos últimos meses/anos?",Permaneceu estável
Q064,"Como você avalia a evolução do interesse dos clientes por fundos passivos (fundos de investimento que acompanham um índice de mercado, replicando sua composição) nos últimos meses/anos?","Cresceu, mas em pequena intensidade"
Q064,"Como você avalia a evolução do interesse dos clientes por fundos passivos (fundos de investimento que acompanham um índice de mercado, replicando sua composição) nos últimos meses/anos?",Cresceu de forma consistente e relevante
Q064,"Como você avalia a evolução do interesse dos clientes por fundos passivos (fundos de investimento que acompanham um índice de mercado, replicando sua composição) nos últimos meses/anos?",Não possuo percepção clara
Q064,"Como você avalia a evolução do interesse dos clientes por fundos passivos (fundos de investimento que acompanham um índice de mercado, replicando sua composição) nos últimos meses/anos?",Diminuiu
Q065,Como você avalia a evolução do interesse dos clientes por fundos ativos nos últimos meses/anos?,Permaneceu estável
Q065,Como você avalia a evolução do interesse dos clientes por fundos ativos nos últimos meses/anos?,"Cresceu, mas em pequena intensidade"
Q065,Como você avalia a evolução do interesse dos clientes por fundos ativos nos últimos meses/anos?,Não possuo percepção clara
Q065,Como você avalia a evolução do interesse dos clientes por fundos ativos nos últimos meses/anos?,Diminuiu
Q065,Como você avalia a evolução do interesse dos clientes por fundos ativos nos últimos meses/anos?,Cresceu de forma consistente e relevante
Q066,Em qual nível você acha que a taxa Selic estará no final de 2026?,Entre 12% e 13%
Q066,Em qual nível você acha que a taxa Selic estará no final de 2026?,Entre 13% e 14%
Q066,Em qual nível você acha que a taxa Selic estará no final de 2026?,Entre 11% e 12%
Q066,Em qual nível você acha que a taxa Selic estará no final de 2026?,Entre 14% e 15%
Q066,Em qual nível você acha que a taxa Selic estará no final de 2026?,Acima de 15%
Q067,Como você avalia o desempenho das carteiras de seus clientes durante a recente alta da bolsa brasileira?,"Os clientes capturaram a alta, com performance em linha com o Ibovespa"
Q067,Como você avalia o desempenho das carteiras de seus clientes durante a recente alta da bolsa brasileira?,Os clientes tinham baixa exposição à renda variável brasileira e aproveitaram pouco a alta
Q067,Como você avalia o desempenho das carteiras de seus clientes durante a recente alta da bolsa brasileira?,"Os clientes tiveram desempenho acima do Ibovespa, aproveitando bem a alta"
Q067,Como você avalia o desempenho das carteiras de seus clientes durante a recente alta da bolsa brasileira?,Não possuo percepção clara
Q067,Como você avalia o desempenho das carteiras de seus clientes durante a recente alta da bolsa brasileira?,"Os clientes estavam expostos à renda variável, mas em ativos que apresentaram desempenho mais fraco, abaixo do Ibovespa"
Q068,"Nessa mesma linha, com a forte alta recente da Bolsa, como você avalia a atratividade das ações brasileiras no momento?","Acredito que ficaram um pouco mais caras, mas ainda vejo valor"
Q068,"Nessa mesma linha, com a forte alta recente da Bolsa, como você avalia a atratividade das ações brasileiras no momento?",Acredito que continuam muito atrativas
Q068,"Nessa mesma linha, com a forte alta recente da Bolsa, como você avalia a atratividade das ações brasileiras no momento?","Considero que ficaram caras após a alta, com pouca atratividade"
Q068,"Nessa mesma linha, com a forte alta recente da Bolsa, como você avalia a atratividade das ações brasileiras no momento?",Não tenho percepção clara
Q069,Como a recente escalada da guerra no Oriente Médio e o aumento do preço do petróleo estão impactando as decisões de alocação de seus clientes?,Ainda não houve impacto relevante nas decisões dos clientes
Q069,Como a recente escalada da guerra no Oriente Médio e o aumento do preço do petróleo estão impactando as decisões de alocação de seus clientes?,Redução de risco nas carteiras (ex: redução da exposição a ações)
Q069,Como a recente escalada da guerra no Oriente Médio e o aumento do preço do petróleo estão impactando as decisões de alocação de seus clientes?,"Aumento de alocação em ativos que oferecem proteção nesse cenário (ex: dólar, Tesouro Selic)"
Q069,Como a recente escalada da guerra no Oriente Médio e o aumento do preço do petróleo estão impactando as decisões de alocação de seus clientes?,Aumento do interesse por ações de petroleiras ou por exposição ao petróleo e commodities
Q070,"Como você descreveria a postura atual de seus clientes em relação ao início do ciclo de corte de juros no Brasil, que deve se iniciar em março?",Estão aguardando a confirmação do ciclo e a queda da Selic e assim alterar a alocação
Q070,"Como você descreveria a postura atual de seus clientes em relação ao início do ciclo de corte de juros no Brasil, que deve se iniciar em março?",Estão aumentando exposição a risco de forma gradual
Q070,"Como você descreveria a postura atual de seus clientes em relação ao início do ciclo de corte de juros no Brasil, que deve se iniciar em março?","Estão mantendo postura neutra por enquanto, sem indicar mudanças relevantes"
Q070,"Como você descreveria a postura atual de seus clientes em relação ao início do ciclo de corte de juros no Brasil, que deve se iniciar em março?",Já se anteciparam ao ciclo e aumentaram exposição a risco
Q071,Você percebeu alguma mudança de comportamento dos seus clientes após o início da guerra no Oriente Médio?,"Sim, ficaram mais avessos à risco"
Q071,Você percebeu alguma mudança de comportamento dos seus clientes após o início da guerra no Oriente Médio?,Não tem influenciado as decisões de alocação até o momento
Q071,Você percebeu alguma mudança de comportamento dos seus clientes após o início da guerra no Oriente Médio?,"Sim, usaram a volatilidade como oportunidade"
Q072,"Como seus clientes têm reagido ao movimento recente de valorização do real, com o dólar voltando a cair abaixo de R$5,00?",Mantiveram o posicionamento sem mudanças relevantes
Q072,"Como seus clientes têm reagido ao movimento recente de valorização do real, com o dólar voltando a cair abaixo de R$5,00?",Aumentaram a exposição a ativos internacionais/dolarizados
Q072,"Como seus clientes têm reagido ao movimento recente de valorização do real, com o dólar voltando a cair abaixo de R$5,00?",Aumentaram a exposição a ativos locais
Q072,"Como seus clientes têm reagido ao movimento recente de valorização do real, com o dólar voltando a cair abaixo de R$5,00?",Reduziram a exposição a ativos internacionais/dolarizados
Q073,A recente valorização das ações ligadas ao tema de inteligência artificial elevou o interesse dos seus clientes por investimentos nesses setores ou Bolsas globais?,O interesse permaneceu estável
Q073,A recente valorização das ações ligadas ao tema de inteligência artificial elevou o interesse dos seus clientes por investimentos nesses setores ou Bolsas globais?,"Sim, de forma moderada"
Q073,A recente valorização das ações ligadas ao tema de inteligência artificial elevou o interesse dos seus clientes por investimentos nesses setores ou Bolsas globais?,Meus clientes não demonstram interesse por esse tema
Q073,A recente valorização das ações ligadas ao tema de inteligência artificial elevou o interesse dos seus clientes por investimentos nesses setores ou Bolsas globais?,"Sim, de forma expressiva"
Q073,A recente valorização das ações ligadas ao tema de inteligência artificial elevou o interesse dos seus clientes por investimentos nesses setores ou Bolsas globais?,"Não, o interesse diminuiu"
